Workbook

Sheet Instructions
A1: Problem-Framing Component Coding Sheet
A3: How to use | B3: Two coders independently mark each of 15 unaided drafts for 8 components: 1 = present, 0 = absent. Code on the 'Rater 1' and 'Rater 2' tabs WITHOUT looking at each other's marks. The 'Agreement' tab then computes inter-rater agreement automatically.
A4: Unit | B4: Binary present / absent. Code what the draft actually states, not what it implies or what the student probably knew.
A5: Strict rule | B5: Success criteria counts ONLY if the draft gives a specific target, threshold, impact measure, or interpretable standard. Merely naming accuracy / F1 / ROC-AUC does NOT count.
A6: Tie to the paper | B6: Your Rater-1 column totals should reproduce the reported figures (e.g. Data/features = 13 of 15). The Agreement tab flags any mismatch.
A8: Coding rubric
A9: Component | B9: Counts as present when the draft…
A10: — Data / modeling —
A11: Data/features | B11: Identifies specific available data or features to use
A12: Aligned problem | B12: Frames the task around non-completion / dropout
A13: Analytic objective | B13: States what the analysis should produce
A14: Method/model | B14: Names a technique or model class
A15: — Problem quality —
A16: Explicit constraints | B16: Names a real limitation (missing data, privacy, imbalance, scale)
A17: Stakeholder/action | B17: Connects the result to a decision or intervention
A18: Success criteria | B18: Defines a target, threshold, impact measure, or interpretable standard
A19: Ethics/privacy/fairness | B19: Raises responsible-use, bias, privacy, or demographic-data concern

Sheet Rater 1
A1: Draft | B1: User | C1: Expertise | D1: Words | E1: Draft text | F1: Data/features | G1: Aligned problem | H1: Analytic objective | I1: Method/model | J1: Explicit constraints | K1: Stakeholder/action | L1: Success criteria | M1: Ethics/privacy/fairness | N1: # present | O1: Notes
A2: D01 | B2: User 3 | C2: intermediate | D2: 22 | E2: What type of content is being maximum consumed or topic that is being watched Maximum times by which demographic group of students? | F2: 1 | G2: 0 | H2: 1 | I2: 0 | J2: 0 | K2: 0 | L2: 0 | M2: 0 | N2: =SUM(F2:M2) -> 2
A3: D02 | B3: User 3 | C3: intermediate | D3: 22 | E3: What type of content is being maximum consumed or topic that is being watched Maximum times by which demographic group of students? | F3: 1 | G3: 0 | H3: 1 | I3: 0 | J3: 0 | K3: 0 | L3: 0 | M3: 0 | N3: =SUM(F3:M3) -> 2
A4: D03 | B4: User 4 | C4: intermediate | D4: 20 | E4: What content is consumed on the maximum level and by which demographic group of students. What topics are being consumed | F4: 1 | G4: 0 | H4: 1 | I4: 0 | J4: 0 | K4: 0 | L4: 0 | M4: 0 | N4: =SUM(F4:M4) -> 2
A5: D04 | B5: User 7 | C5: advanced | D5: 21 | E5: That is a typical classification problem for early withdraw prediction. Train a classifier to early classify the students. Binary classification problem. | F5: 0 | G5: 1 | H5: 1 | I5: 1 | J5: 0 | K5: 0 | L5: 0 | M5: 0 | N5: =SUM(F5:M5) -> 3
A6: D05 | B6: User 8 | C6: advanced | D6: 58 | E6: Problem statement is to find why students fail to complete the courses oftenly. Constraints - Demographics , logs which can be used for tracking how oftenly the students logs in and how much time he spends. Success Criteria - It can be measured by day streaks , completion percentage , tasks completion etc Yes ofcourse need data we | F6: 1 | G6: 1 | H6: 1 | I6: 0 | J6: 0 | K6: 0 | L6: 1 | M6: 0 | N6: =SUM(F6:M6) -> 4
A7: D06 | B7: User 9 | C7: intermediate | D7: 74 | E7: Many students enroll in online courses but fail to complete them. The learning platform wants to understand the reasons behind this issue by analyzing data such as student demographics, course categories, login frequency, video watch time, and quiz scores. The goal is to identify the key factors that affect course completion and develop a model that can predict which students are likely to drop out, helping the platform improve student engagement and completion rates. | F7: 1 | G7: 1 | H7: 1 | I7: 1 | J7: 0 | K7: 1 | L7: 0 | M7: 0 | N7: =SUM(F7:M7) -> 5
A8: D07 | B8: User 10 | C8: intermediate | D8: 122 | E8: A mid-sized online learning platform is facing a high course dropout rate, where many students enroll in courses but do not complete them. The goal of this data science project is to build a predictive model that identifies students who are likely to drop out before course completion. The model will use available data such as student demographics, course category, login frequency, video watch time, quiz scores, and past completion records. Key constraints include missing or incomplete data, varying student learning behaviors, and class imbalance between completed and non-completed courses. Success will be measured using classification metrics such as accuracy, precision, recall, and F1-score, along with the platform’s ability to reduce dropout rates through timely interventions and improve overall course completion rates. | F8: 1 | G8: 1 | H8: 1 | I8: 1 | J8: 1 | K8: 1 | L8: 1 | M8: 0 | N8: =SUM(F8:M8) -> 7
A9: D08 | B9: User 10 | C9: intermediate | D9: 122 | E9: A mid-sized online learning platform is facing a high course dropout rate, where many students enroll in courses but do not complete them. The goal of this data science project is to build a predictive model that identifies students who are likely to drop out before course completion. The model will use available data such as student demographics, course category, login frequency, video watch time, quiz scores, and past completion records. Key constraints include missing or incomplete data, varying student learning behaviors, and class imbalance between completed and non-completed courses. Success will be measured using classification metrics such as accuracy, precision, recall, and F1-score, along with the platform’s ability to reduce dropout rates through timely interventions and improve overall course completion rates. | F9: 1 | G9: 1 | H9: 1 | I9: 1 | J9: 1 | K9: 1 | L9: 1 | M9: 0 | N9: =SUM(F9:M9) -> 7
A10: D09 | B10: User 11 | C10: intermediate | D10: 224 | E10: An online learning platform has observed that a significant number of students enroll in courses but fail to complete them, leading to lower learner engagement and reduced course success rates. The objective of this data science project is to analyze student behavior and develop a predictive model that can identify students who are at risk of dropping out before completing a course. The platform collects data on student demographics, course categories, login frequency, video watch time, quiz scores, and course completion status. By examining patterns within these variables, the model will predict the likelihood of course completion for each student. This will help the platform take proactive actions such as sending reminders, providing personalized support, or recommending learning resources to improve student retention. Some challenges and constraints include missing or inaccurate data, differences in learning styles among students, privacy considerations, and the possibility of imbalanced data where non-completers may significantly outnumber completers or vice versa. The solution must be scalable and capable of handling large volumes of student activity data. The success of the project will be measured using evaluation metrics such as Accuracy, Precision, Recall, F1-Score, and ROC-AUC. From a business perspective, success will also be determined by an increase in course completion rates, improved student engagement, and a reduction in overall dropout rates after implementing targeted interventions based on the model’s predictions. | F10: 1 | G10: 1 | H10: 1 | I10: 1 | J10: 1 | K10: 1 | L10: 1 | M10: 1 | N10: =SUM(F10:M10) -> 8
A11: D10 | B11: User 11 | C11: intermediate | D11: 225 | E11: An online learning platform has observed that a significant number of students enroll in courses but fail to complete them, leading to lower learner engagement and reduced course success rates. The objective of this data science project is to analyze student behavior and develop a predictive model that can identify students who are at risk of dropping out before completing a course. The platform collects data on student demographics, course categories, login frequency, video watch time, quiz scores, and course completion status. By examining patterns within these variables, the model will predict the likelihood of course completion for each student. This will help the platform take proactive actions such as sending reminders, providing personalized support, or recommending learning resources to improve student retention. Some challenges and constraints include missing or inaccurate data, differences in learning styles among students, privacy considerations, and the possibility of imbalanced data where non-completers may significantly outnumber completers or vice versa. The solution must be scalable and capable of handling large volumes of student activity data. The success of the project will be measured using evaluation metrics such as Accuracy, Precision, Recall, F1-Score, uk and ROC-AUC. From a business perspective, success will also be determined by an increase in course completion rates, improved student engagement, and a reduction in overall dropout rates after implementing targeted interventions based on the model’s predictions. | F11: 1 | G11: 1 | H11: 1 | I11: 1 | J11: 1 | K11: 1 | L11: 1 | M11: 1 | N11: =SUM(F11:M11) -> 8
A12: D11 | B12: User 12 | C12: advanced | D12: 132 | E12: Problem statement: Why many students drop out before completing the course and what are the main factors that influence them. The context here is the platform collects a lot of data and the objective is to find out why a lot of students who enroll for the course , why they do not complete it. The idea is to build a tool or a model that will predict what factors influence the students to drop out and predict if they will complete the course or not. Some constraints and limitations would be the data might be too much for the model to decide which factor influenced the most, there might be some sensitive data that should be used wisely. Success criteria can be whether a model can help to improve the platform. | F12: 0 | G12: 1 | H12: 1 | I12: 1 | J12: 1 | K12: 0 | L12: 0 | M12: 1 | N12: =SUM(F12:M12) -> 5
A13: D12 | B13: User 13 | C13: advanced | D13: 27 | E13: In the domain of online learning it's been witness that peers tend to enrol for course but do not end up finishing them to tackle this conflict. | F13: 0 | G13: 1 | H13: 0 | I13: 0 | J13: 0 | K13: 0 | L13: 0 | M13: 0 | N13: =SUM(F13:M13) -> 1
... A16: D15 | B16: User 15 | C16: advanced | D16: 44 | E16: The online learning platform wants to identify why many enrolled students do not complete their courses by analyzing student behavior, performance, and engagement data. The goal is to build a data-driven approach to predict course completion and understand the key factors affecting student dropout. | F16: 1 | G16: 1 | H16: 1 | I16: 1 | J16: 0 | K16: 0 | L16: 0 | M16: 0 | N16: =SUM(F16:M16) -> 4
A18: NOTE: rows below the header are an AI FIRST-PASS by Claude. Verify and correct EVERY cell before treating these as your (human) Rater 1 codes. Do NOT use this as an independent second rater. Real inter-rater agreement requires a separate human coder on the 'Rater 2' tab.

Sheet Rater 2
A1: Draft | B1: User | C1: Expertise | D1: Words | E1: Draft text | F1: Data/features | G1: Aligned problem | H1: Analytic objective | I1: Method/model | J1: Explicit constraints | K1: Stakeholder/action | L1: Success criteria | M1: Ethics/privacy/fairness | N1: # present | O1: Notes
A2: D01 | B2: User 3 | C2: intermediate | D2: 22 | E2: What type of content is being maximum consumed or topic that is being watched Maximum times by which demographic group of students? | F2: 1 | G2: 0 | H2: 0 | I2: 0 | J2: 0 | K2: 0 | L2: 0 | M2: 0 | N2: 1
A3: D02 | B3: User 3 | C3: intermediate | D3: 22 | E3: What type of content is being maximum consumed or topic that is being watched Maximum times by which demographic group of students? | F3: 1 | G3: 0 | H3: 0 | I3: 0 | J3: 0 | K3: 0 | L3: 0 | M3: 0 | N3: 1
A4: D03 | B4: User 4 | C4: intermediate | D4: 20 | E4: What content is consumed on the maximum level and by which demographic group of students. What topics are being consumed | F4: 1 | G4: 0 | H4: 0 | I4: 0 | J4: 0 | K4: 0 | L4: 0 | M4: 0 | N4: 1
A5: D04 | B5: User 7 | C5: advanced | D5: 21 | E5: That is a typical classification problem for early withdraw prediction. Train a classifier to early classify the students. Binary classification problem. | F5: 0 | G5: 1 | H5: 1 | I5: 1 | J5: 0 | K5: 0 | L5: 0 | M5: 0 | N5: 3
A6: D05 | B6: User 8 | C6: advanced | D6: 58 | E6: Problem statement is to find why students fail to complete the courses oftenly. Constraints - Demographics , logs which can be used for tracking how oftenly the students logs in and how much time he spends. Success Criteria - It can be measured by day streaks , completion percentage , tasks completion etc Yes ofcourse need data we | F6: 1 | G6: 1 | H6: 1 | I6: 0 | J6: 1 | K6: 0 | L6: 1 | M6: 0 | N6: 5
A7: D06 | B7: User 9 | C7: intermediate | D7: 74 | E7: Many students enroll in online courses but fail to complete them. The learning platform wants to understand the reasons behind this issue by analyzing data such as student demographics, course categories, login frequency, video watch time, and quiz scores. The goal is to identify the key factors that affect course completion and develop a model that can predict which students are likely to drop out, helping the platform improve student engagement and completion rates. | F7: 1 | G7: 1 | H7: 1 | I7: 1 | J7: 0 | K7: 1 | L7: 0 | M7: 0 | N7: 5
A8: D07 | B8: User 10 | C8: intermediate | D8: 122 | E8: A mid-sized online learning platform is facing a high course dropout rate, where many students enroll in courses but do not complete them. The goal of this data science project is to build a predictive model that identifies students who are likely to drop out before course completion. The model will use available data such as student demographics, course category, login frequency, video watch time, quiz scores, and past completion records. Key constraints include missing or incomplete data, varying student learning behaviors, and class imbalance between completed and non-completed courses. Success will be measured using classification metrics such as accuracy, precision, recall, and F1-score, along with the platform’s ability to reduce dropout rates through timely interventions and improve overall course completion rates. | F8: 1 | G8: 1 | H8: 1 | I8: 1 | J8: 1 | K8: 1 | L8: 1 | M8: 0 | N8: 7
A9: D08 | B9: User 10 | C9: intermediate | D9: 122 | E9: A mid-sized online learning platform is facing a high course dropout rate, where many students enroll in courses but do not complete them. The goal of this data science project is to build a predictive model that identifies students who are likely to drop out before course completion. The model will use available data such as student demographics, course category, login frequency, video watch time, quiz scores, and past completion records. Key constraints include missing or incomplete data, varying student learning behaviors, and class imbalance between completed and non-completed courses. Success will be measured using classification metrics such as accuracy, precision, recall, and F1-score, along with the platform’s ability to reduce dropout rates through timely interventions and improve overall course completion rates. | F9: 1 | G9: 1 | H9: 1 | I9: 1 | J9: 1 | K9: 1 | L9: 1 | M9: 0 | N9: 7
A10: D09 | B10: User 11 | C10: intermediate | D10: 224 | E10: An online learning platform has observed that a significant number of students enroll in courses but fail to complete them, leading to lower learner engagement and reduced course success rates. The objective of this data science project is to analyze student behavior and develop a predictive model that can identify students who are at risk of dropping out before completing a course. The platform collects data on student demographics, course categories, login frequency, video watch time, quiz scores, and course completion status. By examining patterns within these variables, the model will predict the likelihood of course completion for each student. This will help the platform take proactive actions such as sending reminders, providing personalized support, or recommending learning resources to improve student retention. Some challenges and constraints include missing or inaccurate data, differences in learning styles among students, privacy considerations, and the possibility of imbalanced data where non-completers may significantly outnumber completers or vice versa. The solution must be scalable and capable of handling large volumes of student activity data. The success of the project will be measured using evaluation metrics such as Accuracy, Precision, Recall, F1-Score, and ROC-AUC. From a business perspective, success will also be determined by an increase in course completion rates, improved student engagement, and a reduction in overall dropout rates after implementing targeted interventions based on the model’s predictions. | F10: 1 | G10: 1 | H10: 1 | I10: 1 | J10: 1 | K10: 1 | L10: 1 | M10: 1 | N10: 8
A11: D10 | B11: User 11 | C11: intermediate | D11: 225 | E11: An online learning platform has observed that a significant number of students enroll in courses but fail to complete them, leading to lower learner engagement and reduced course success rates. The objective of this data science project is to analyze student behavior and develop a predictive model that can identify students who are at risk of dropping out before completing a course. The platform collects data on student demographics, course categories, login frequency, video watch time, quiz scores, and course completion status. By examining patterns within these variables, the model will predict the likelihood of course completion for each student. This will help the platform take proactive actions such as sending reminders, providing personalized support, or recommending learning resources to improve student retention. Some challenges and constraints include missing or inaccurate data, differences in learning styles among students, privacy considerations, and the possibility of imbalanced data where non-completers may significantly outnumber completers or vice versa. The solution must be scalable and capable of handling large volumes of student activity data. The success of the project will be measured using evaluation metrics such as Accuracy, Precision, Recall, F1-Score, uk and ROC-AUC. From a business perspective, success will also be determined by an increase in course completion rates, improved student engagement, and a reduction in overall dropout rates after implementing targeted interventions based on the model’s predictions. | F11: 1 | G11: 1 | H11: 1 | I11: 1 | J11: 1 | K11: 1 | L11: 1 | M11: 1 | N11: 8
A12: D11 | B12: User 12 | C12: advanced | D12: 132 | E12: Problem statement: Why many students drop out before completing the course and what are the main factors that influence them. The context here is the platform collects a lot of data and the objective is to find out why a lot of students who enroll for the course , why they do not complete it. The idea is to build a tool or a model that will predict what factors influence the students to drop out and predict if they will complete the course or not. Some constraints and limitations would be the data might be too much for the model to decide which factor influenced the most, there might be some sensitive data that should be used wisely. Success criteria can be whether a model can help to improve the platform. | F12: 1 | G12: 1 | H12: 1 | I12: 1 | J12: 1 | K12: 0 | L12: 0 | M12: 1 | N12: 6
A13: D12 | B13: User 13 | C13: advanced | D13: 27 | E13: In the domain of online learning it's been witness that peers tend to enrol for course but do not end up finishing them to tackle this conflict. | F13: 0 | G13: 1 | H13: 0 | I13: 0 | J13: 0 | K13: 0 | L13: 0 | M13: 0 | N13: 1
... A16: D15 | B16: User 15 | C16: advanced | D16: 44 | E16: The online learning platform wants to identify why many enrolled students do not complete their courses by analyzing student behavior, performance, and engagement data. The goal is to build a data-driven approach to predict course completion and understand the key factors affecting student dropout. | F16: 1 | G16: 1 | H16: 1 | I16: 1 | J16: 0 | K16: 0 | L16: 0 | M16: 0 | N16: 4

Sheet Agreement
A1: Inter-rater agreement
A3: Per-component agreement (over jointly-coded drafts)
A4: Component | B4: % agreement | C4: R1 count | D4: paper expects | E4: match?
A5: Data/features | B5: =IFERROR(SUMPRODUCT(('Rater 1'!F2:F16<>"")*('Rater 2'!F2:F16<>"")*(--('Rater 1'!F2:F16='Rater 2'!F2:F16)))/SUMPRODUCT(('Rater 1'!F2:F16<>"")*('Rater 2'!F2:F16<>"")),"") -> 0.93333333 | C5: =SUM('Rater 1'!F2:F16) -> 12 | D5: 13 | E5: =IF(C5=D5,"ok","check") -> check
A6: Aligned problem | B6: =IFERROR(SUMPRODUCT(('Rater 1'!G2:G16<>"")*('Rater 2'!G2:G16<>"")*(--('Rater 1'!G2:G16='Rater 2'!G2:G16)))/SUMPRODUCT(('Rater 1'!G2:G16<>"")*('Rater 2'!G2:G16<>"")),"") -> 1 | C6: =SUM('Rater 1'!G2:G16) -> 12 | D6: 12 | E6: =IF(C6=D6,"ok","check") -> ok
A7: Analytic objective | B7: =IFERROR(SUMPRODUCT(('Rater 1'!H2:H16<>"")*('Rater 2'!H2:H16<>"")*(--('Rater 1'!H2:H16='Rater 2'!H2:H16)))/SUMPRODUCT(('Rater 1'!H2:H16<>"")*('Rater 2'!H2:H16<>"")),"") -> 0.8 | C7: =SUM('Rater 1'!H2:H16) -> 14 | D7: 11 | E7: =IF(C7=D7,"ok","check") -> check
A8: Method/model | B8: =IFERROR(SUMPRODUCT(('Rater 1'!I2:I16<>"")*('Rater 2'!I2:I16<>"")*(--('Rater 1'!I2:I16='Rater 2'!I2:I16)))/SUMPRODUCT(('Rater 1'!I2:I16<>"")*('Rater 2'!I2:I16<>"")),"") -> 0.93333333 | C8: =SUM('Rater 1'!I2:I16) -> 9 | D8: 10 | E8: =IF(C8=D8,"ok","check") -> check
A9: Explicit constraints | B9: =IFERROR(SUMPRODUCT(('Rater 1'!J2:J16<>"")*('Rater 2'!J2:J16<>"")*(--('Rater 1'!J2:J16='Rater 2'!J2:J16)))/SUMPRODUCT(('Rater 1'!J2:J16<>"")*('Rater 2'!J2:J16<>"")),"") -> 0.93333333 | C9: =SUM('Rater 1'!J2:J16) -> 5 | D9: 6 | E9: =IF(C9=D9,"ok","check") -> check
A10: Stakeholder/action | B10: =IFERROR(SUMPRODUCT(('Rater 1'!K2:K16<>"")*('Rater 2'!K2:K16<>"")*(--('Rater 1'!K2:K16='Rater 2'!K2:K16)))/SUMPRODUCT(('Rater 1'!K2:K16<>"")*('Rater 2'!K2:K16<>"")),"") -> 1 | C10: =SUM('Rater 1'!K2:K16) -> 6 | D10: 6 | E10: =IF(C10=D10,"ok","check") -> ok
A11: Success criteria | B11: =IFERROR(SUMPRODUCT(('Rater 1'!L2:L16<>"")*('Rater 2'!L2:L16<>"")*(--('Rater 1'!L2:L16='Rater 2'!L2:L16)))/SUMPRODUCT(('Rater 1'!L2:L16<>"")*('Rater 2'!L2:L16<>"")),"") -> 1 | C11: =SUM('Rater 1'!L2:L16) -> 5 | D11: 5 | E11: =IF(C11=D11,"ok","check") -> ok
A12: Ethics/privacy/fairness | B12: =IFERROR(SUMPRODUCT(('Rater 1'!M2:M16<>"")*('Rater 2'!M2:M16<>"")*(--('Rater 1'!M2:M16='Rater 2'!M2:M16)))/SUMPRODUCT(('Rater 1'!M2:M16<>"")*('Rater 2'!M2:M16<>"")),"") -> 1 | C12: =SUM('Rater 1'!M2:M16) -> 3 | D12: 3 | E12: =IF(C12=D12,"ok","check") -> ok
A14: Overall (all 120 decisions)
A15: Jointly-coded cells | B15: =SUMPRODUCT(('Rater 1'!F2:M16<>"")*('Rater 2'!F2:M16<>"")) -> 120
A16: % agreement | B16: =IFERROR(SUMPRODUCT(('Rater 1'!F2:M16<>"")*('Rater 2'!F2:M16<>"")*(--('Rater 1'!F2:M16='Rater 2'!F2:M16)))/B15,"") -> 0.95
A17: n(1,1)/(1,0)/(0,1)/(0,0) | B17: =SUMPRODUCT(--('Rater 1'!F2:M16=1),--('Rater 2'!F2:M16=1)) -> 63 | C17: =SUMPRODUCT(--('Rater 1'!F2:M16=1),--('Rater 2'!F2:M16=0)) -> 3 | D17: =SUMPRODUCT(--('Rater 1'!F2:M16=0),--('Rater 2'!F2:M16=1)) -> 3 | E17: =SUMPRODUCT(--('Rater 1'!F2:M16=0),--('Rater 2'!F2:M16=0)) -> 51
A18: Cohen's kappa | B18: =IFERROR((((B17+E17)/(B17+C17+D17+E17))-(((B17+C17)/(B17+C17+D17+E17))*((B17+D17)/(B17+C17+D17+E17))+(1-((B17+C17)/(B17+C17+D17+E17)))*(1-((B17+D17)/(B17+C17+D17+E17)))))/(1-(((B17+C17)/(B17+C17+D17+E17))*((B17+D17)/(B17+C17+D17+E17))+(1-((B17+C17)/(B17+C17+D17+E17)))*(1-((B17+D17)/(B17+C17+D17+E17))))),"") -> 0.8989899
A20: Report sentence to paste once filled:
A21: "Two raters independently coded all 15 drafts (120 binary decisions); percent agreement was XX% (Cohen's kappa = .XX)."
